exp_sid,participant_number,age,gender,captcha_pre_attempts,captcha_pre_completions,captcha_pre_goal,captcha_pre_total_time,captcha_pre_mean_rt,captcha_post_attempts,captcha_post_completions,captcha_post_goal,captcha_post_total_time,captcha_post_mean_rt,q_pre_captcha_total_time,q_pre_captcha_fun,q_pre_captcha_difficulty,q_pre_idaq_total_time,q_pre_idaq,q_pre_2050_total_time,q_pre_2050_mean_futurism_score,q_post_gators_total_time,q_post_gators_pos,q_post_gators_neg,q_post_specific_total_time,q_post_specific_mentacy_belief_scale,q_post_specific_empathy
b58213a3420b4a3a8fe4b53fbbee610f,100,21,female,11,10,10,76.518,5.98490909090909,0,0,1000,0.0,,192.776,4.75,5.0,208.536,3.7333333333333334,127.982,4.4,124.123,5.0,4.4,55.117,-3.0,4.0
6d4ce20abc50423ba5018332be613894,102,23,female,12,10,10,147.89,11.299833333333332,33,30,1000,217.499,5.558878787878787,29.959,2.75,5.0,281.632,2.7333333333333334,149.869,4.333333333333333,206.004,4.5,5.3,30.795,-6.0,5.0
6e60e678bf4440fcad684c2be69b10e1,103,23,male,12,10,10,114.265,9.182749999999999,0,0,1000,0.0,,21.994,2.0,3.0,222.268,3.3333333333333335,145.691,3.7333333333333334,128.185,4.9,3.5,19.281,-6.0,4.0
8217e17995eb443a85f3e46e628b9477,104,24,female,13,10,10,142.561,10.49876923076923,13,11,1000,162.007,12.148769230769231,27.097,4.5,3.0,209.319,4.133333333333334,162.754,4.2,197.318,4.5,4.2,55.596,-6.0,6.0
